Job Title,Skill1,Skill2,Skill3,Skill4,Skill5,Skill6,Skill7,Skill8,Skill9,Skill10
Software Engineer,Java,Python,C++,JavaScript,HTML,CSS,SQL,React,Angular,Node.js
Software Engineer,Express.js,MongoDB,RESTful APIs,Git,Agile Methodologies,CI/CD,Docker,Kubernetes,AWS,GCP
Software Engineer,Microsoft Azure,Machine Learning,Data Structures,Algorithms,Problem Solving,Software Design Patterns,Unit Testing,Debugging,Scrum,Kanban
Software Engineer,Continuous Integration,Continuous Deployment,Microservices,REST,SOAP,GraphQL,OAuth,OpenID Connect,Jenkins,Bash Scripting
Software Engineer,Linux,Unix,Windows,macOS,Android,iOS,Cross-Platform Development,Responsive Web Design,User Experience (UX) Design,User Interface (UI) Design
Data Scientist,Model Evaluation,Model Deployment,Experimentation,Hypothesis Testing,Time Series Analysis,Regression Analysis,Classification,Clustering,Dimensionality Reduction,Recommendation Systems
Marketing Specialist,Content Marketing,SEO,Social Media Marketing,Email Marketing,Google Analytics,Marketing Automation,Lead Generation,Brand Management,Market Research,Public Relations
Project Manager,Project Management,Team Leadership,Time Management,Budget Management,Stakeholder Management,Risk Management,Agile Methodologies,Scrum,Waterfall Methodologies,Resource Management
Project Manager,Quality Assurance,Change Management,Content Creation,Content Strategy,PPC Advertising,Conversion Rate Optimization,Influencer Marketing,Community Management,Web Analytics
Marketing Specialist,Competitor Analysis,Event Planning,Brand Developm  ent,Graphic Design,Copywriting,Video Production,Photography,Web Design,User Acquisition,Customer Retention
Marketing Specialist,Brand Identity,Market Segmentation,Social Listening,Market Analysis,Search Engine Marketing (SEM),Customer Relationship Management (CRM),Public Speaking,Budget Planning,Data Analysis
Marketing Specialist,Forecasting,Brand Awareness,Marketing Campaigns,Mobile Marketing,Display Advertising,Content Syndication,Marketing Metrics,ROI Analysis,Product Marketing,Lead Nurturing
Marketing Specialist,Marketing Strategy,Content Curation,Marketing Automation,Email Automation,Marketing Research,Inbound Marketing,Outbound Marketing,Brand Strategy,Consumer Behavior Analysis
Marketing Specialist,Market Trends Analysis,Content Management Systems (CMS),User Experience Optimization,User Interface Optimization,Event Marketing,Trade Show Management,Media Planning,Media Buying
Sales Manager,Business Development,Strategic Planning,Market Analysis,Product Knowledge,Negotiation,CRM Software,Sales Forecasting,Team Management,Training and Development
Sales Manager,Sales Strategy,Closing Deals,Prospecting,Customer Service,Sales Presentations,Networking,Market Research,Competitive Analysis,Consultative Selling,Cross-Selling
Sales Manager,Upselling,Time Management,Goal Setting,Problem Solving,Product Management,Key Account Management,Revenue Growth Strategies,Sales Reporting,Contract Negotiation
Sales Manager,Client Retention,Forecasting,Budgeting,Data Analysis,Team Leadership,Sales Operations,Performance Management,Client Acquisition,Relationship Building
Software Engineer,Agile Methodologies,CI/CD,Docker,Kubernetes,AWS,GCP,Microsoft Azure,Machine Learning,Data Structures,Algorithms
Software Engineer,Problem Solving,Software Design Patterns,Unit Testing,Debugging,Scrum,Kanban,Continuous Integration,Continuous Deployment,Microservices,REST
Software Engineer,SOAP,GraphQL,OAuth,OpenID Connect,Jenkins,Bash Scripting,Linux,Unix,Windows,macOS
Software Engineer,Android,iOS,Cross-Platform Development,Responsive Web Design,User Experience (UX) Design,User Interface (UI) Design,Web Accessibility,Performance Optimization,Security Best Practices,Networking
Software Engineer,DevOps,Data Science,Python,R,SQL,Machine Learning,Deep Learning,Statistical Analysis,Data Visualization,Data Cleaning
Data Scientist,Data Preprocessing,Feature Engineering,Model Evaluation,Model Deployment,Experimentation,Hypothesis Testing,Time Series Analysis,Regression Analysis,Classification,Clustering
Data Scientist,Dimensionality Reduction,Recommendation Systems,Natural Language Processing (NLP),Computer Vision,Apache Spark,Hadoop,MapReduce,NoSQL,AWS SageMaker,Google Colab
Data Scientist,Microsoft Azure ML,Tableau,Power BI,Matplotlib,Seaborn,Pandas,NumPy,SciPy,Scikit-learn,TensorFlow
Data Scientist,Keras,PyTorch,OpenCV,Spark MLlib,MongoDB,Cassandra,Redis,Elasticsearch,ETL,API Integration
Marketing Specialist,Social Media Marketing,Email Marketing,Google Analytics,Marketing Automation,Lead Generation,Brand Management,Market Research,Public Relations,Content Creation
Marketing Specialist,Content Strategy,PPC Advertising,Conversion Rate Optimization,Influencer Marketing,Community Management,Web Analytics,Competitor Analysis,Event Planning,Brand Development
Marketing Specialist,Graphic Design,Copywriting,Video Production,Photography,Web Design,User Acquisition,Customer Retention,Brand Identity,Market Segmentation
Marketing Specialist,Social Listening,Market Analysis,Search Engine Marketing (SEM),Customer Relationship Management (CRM),Public Speaking,Budget Planning,Data Analysis,Forecasting,Brand Awareness
Marketing Specialist,Marketing Campaigns,Mobile Marketing,Display Advertising,Content Syndication,Marketing Metrics,ROI Analysis,Product Marketing,Lead Nurturing,Marketing Strategy
Marketing Specialist,Content Curation,Marketing Automation,Email Automation,Marketing Research,Inbound Marketing,Outbound Marketing,Brand Strategy,Consumer Behavior Analysis,Market Trends Analysis
Marketing Specialist,Content Management Systems (CMS),User Experience Optimization,User Interface Optimization,Event Marketing,Trade Show Management,Media Planning,Media Buying,Online Reputation Management (ORM),Customer Journey Mapping
Marketing Specialist,Content Personalization,Social Media Listening,Brand Reputation Management,Content Localization,Sales Manager,Sales Management,Client Relationship Management,Lead Generation,Account Management
Sales Manager,Business Development,Strategic Planning,Market Analysis,Product Knowledge,Negotiation,CRM Software,Sales Forecasting,Team Management,Training and Development
Sales Manager,Sales Strategy,Closing Deals,Prospecting,Customer Service,Sales Presentations,Networking,Market Research,Competitive Analysis,Consultative Selling
Sales Manager,Cross-Selling,Upselling,Time Management,Goal Setting,Problem Solving,Product Management,Key Account Management,Revenue Growth Strategies,Sales Reporting,Contract Negotiation
Sales Manager,Client Retention,Forecasting,Budgeting,Data Analysis,Team Leadership,Sales Operations,Performance Management,Client Acquisition,Relationship Building
Sales Manager,Market Analysis,Lead Generation,Client Relationship Management (CRM),Sales Strategy,Business Development,Strategic Planning,Sales Forecasting,Negotiation,Team Management,Account Management
Sales Manager,CRM Software,Product Knowledge,Consultative Selling,Closing Deals,Prospecting,Networking,Customer Service,Sales Presentations,Time Management,Goal Setting
Sales Manager,Problem Solving,Cross-Selling,Upselling,Team Leadership,Data Analysis,Sales Operations,Client Retention,Forecasting,Budgeting,Relationship Building
Sales Manager,Sales Pipeline Management,Strategic Partnerships,Value Propositions,Client Needs Assessment,Sales Reporting,Contract Negotiation,Revenue Growth Strategies,Performance Management,Client Acquisition,Market Research
Marketing Manager,Digital Marketing,Content Strategy,Social Media Management,Search Engine Optimization (SEO),Email Marketing,Campaign Management,Brand Development,Market Research,Marketing Analytics,Lead Generation
Marketing Manager,Marketing Automation,Public Relations,Copywriting,Graphic Design,Web Design,Event Planning,Marketing Strategy,Content Creation,Data Analysis,Strategic Planning
Marketing Manager,Project Management,Advertising,Media Planning,Budget Management,Competitor Analysis,Brand Management,Customer Acquisition,Content Marketing,Influencer Marketing,Conversion Optimization
Marketing Manager,Market Segmentation,Product Marketing,User Experience (UX) Design,User Interface (UI) Design,Brand Strategy,Consumer Behavior Analysis,Market Trends Analysis,ROI Analysis,Data Visualization,Email Automation
Marketing Manager,Marketing Research,Inbound Marketing,Outbound Marketing,Customer Relationship Management (CRM),Brand Awareness,Marketing Communications,Lead Nurturing,Content Management Systems (CMS),Web Analytics,Marketing Metrics
Marketing Manager,Media Buying,Online Marketing,Mobile Marketing,Content Distribution,Online Reputation Management (ORM),Customer Journey Mapping,Competitive Intelligence,Marketing Technology (MarTech),Sales Enablement,Marketing Budgeting
Project Coordinator,Project Management,Time Management,Task Management,Communication Skills,Problem Solving,Organization,Teamwork,Leadership,Attention to Detail,Documentation
Project Coordinator,Meeting Facilitation,Stakeholder Management,Resource Management,Budget Management,Risk Management,Quality Management,Change Management,Agile Methodologies,Scrum
Project Coordinator,Waterfall Methodologies,Critical Thinking,Analytical Skills,Conflict Resolution,Decision Making,Client Communication,Project Scheduling,Project Planning,Project Coordination
Project Coordinator,Process Improvement,Project Documentation,Project Reporting,Issue Tracking,Client Satisfaction,Scope Management,Task Delegation,Client Relationship Management,Vendor Management,Procurement Management
Project Coordinator,Team Collaboration,Client Support,Project Evaluation,Project Leadership,Project Review,Project Closure,Project Initiation,Project Tracking,Project Governance,Project Metrics
Graphic Designer,Adobe Photoshop,Adobe Illustrator,Adobe InDesign,Graphic Design,Typography,Color Theory,Layout Design,Visual Communication,Brand Identity,Print Design
Graphic Designer,Web Design,User Interface (UI) Design,User Experience (UX) Design,Responsive Design,Logo Design,Icon Design,Vector Illustration,Photo Editing,Image Manipulation,Animation
Graphic Designer,Print Production,Prepress,CMYK Color Space,Typography Design,Print Marketing,Product Packaging,Corporate Branding,Art Direction,Storyboarding,Marketing Collateral
Graphic Designer,Publication Design,Infographic Design,Advertising Design,Environmental Design,Interactive Design,UI/UX Prototyping,Front-end Development,CSS,HTML
